{
  "project_info": {
    "project_number": "786608753405",
    "firebase_url": "https://register-login-test.firebaseio.com",
    "project_id": "register-login-test",
    "storage_bucket": "register-login-test.appspot.com"
  },
  "client": [
    {
      "client_info": {
        "mobilesdk_app_id": "1:786608753405:android:3404515af16ca26d",
        "android_client_info": {
          "package_name": "com.example.sign_up"
        }
      },
      "oauth_client": [
        {
          "client_id": "786608753405-luo77l1dvd19u169undard7bhjr8qdu4.apps.googleusercontent.com",
          "client_type": 3
        }
      ],
      "api_key": [
        {
          "current_key": "AIzaSyCEy8xhQ3zuj_-QtxdZx2lqLOQSBQFuMz0"
        }
      ],
      "services": {
        "analytics_service": {
          "status": 1
        },
        "appinvite_service": {
          "status": 1,
          "other_platform_oauth_client": []
        },
        "ads_service": {
          "status": 2
        }
      }
    }
  ],
  "configuration_version": "1"
}