{
  "project_info": {
    "project_number": "1023521624112",
    "project_id": "smartech-reactnative",
    "storage_bucket": "smartech-reactnative.appspot.com"
  },
  "client": [
    {
      "client_info": {
        "mobilesdk_app_id": "1:1023521624112:android:36f3b473b82dfe64cdddf5",
        "android_client_info": {
          "package_name": "com.harish_demo_one"
        }
      },
      "oauth_client": [
        {
          "client_id": "1023521624112-dunhge0dmb2339es8rn9qegg66qat9ad.apps.googleusercontent.com",
          "client_type": 3
        }
      ],
      "api_key": [
        {
          "current_key": "AIzaSyC0ENgPf-rSmkoIgPPyBlVvQ0MoCsp-03U"
        }
      ],
      "services": {
        "appinvite_service": {
          "other_platform_oauth_client": [
            {
              "client_id": "1023521624112-dunhge0dmb2339es8rn9qegg66qat9ad.apps.googleusercontent.com",
              "client_type": 3
            }
          ]
        }
      }
    }
  ],
  "configuration_version": "1"
}